{"chunk_definitions":[{"chunk_id":"cypxty8dp760u","chunk_label":"unnamed-chunk-2","document_id":"2F178A26","expansion_state":0,"options":{"engine":"r","label":"unnamed-chunk-1"},"row":17,"row_count":1,"visible":true},{"chunk_id":"c5867y5hq5lyg","chunk_label":"unnamed-chunk-3","document_id":"2F178A26","expansion_state":0,"options":{"engine":"r","label":"unnamed-chunk-2"},"row":23,"row_count":1,"visible":true},{"chunk_id":"cv6p4ur1ac64m","chunk_label":"unnamed-chunk-4","document_id":"2F178A26","expansion_state":0,"options":{"engine":"r","label":"unnamed-chunk-3"},"row":30,"row_count":1,"visible":true},{"chunk_id":"c6ynvr2yykig3","chunk_label":"unnamed-chunk-5","document_id":"2F178A26","expansion_state":0,"options":{"engine":"r","label":"unnamed-chunk-4"},"row":36,"row_count":1,"visible":true},{"chunk_id":"cj4il4wjsutoc","chunk_label":"unnamed-chunk-6","document_id":"2F178A26","expansion_state":0,"options":{"engine":"r"},"row":80,"row_count":1,"visible":true},{"chunk_id":"c0lirfwclx5y7","chunk_label":"unnamed-chunk-7","document_id":"2F178A26","expansion_state":0,"options":{"engine":"r"},"row":84,"row_count":1,"visible":true},{"chunk_id":"cldejvgf6emdz","chunk_label":"unnamed-chunk-8","document_id":"2F178A26","expansion_state":0,"options":{"engine":"r"},"row":88,"row_count":1,"visible":true},{"chunk_id":"c150valtstswh","chunk_label":"unnamed-chunk-9","document_id":"2F178A26","expansion_state":0,"options":{"engine":"r"},"row":92,"row_count":1,"visible":true},{"chunk_id":"cm4fyvxmxt5xk","chunk_label":"unnamed-chunk-10","document_id":"2F178A26","expansion_state":0,"options":{"engine":"r"},"row":97,"row_count":1,"visible":true},{"chunk_id":"c54un0krydpj6","chunk_label":"unnamed-chunk-12","document_id":"2F178A26","expansion_state":0,"options":{"engine":"r"},"row":106,"row_count":1,"visible":true}],"doc_write_time":1573459145}